<c3p0-config>
	<default-config>
		<property name="driverClass">com.mysql.jdbc.Driver</property>
		<property name="jdbcUrl">jdbc:mysql://localhost:3306/transaction</property>
		<property name="user">root</property>
		<property name="password">root</property>
		<!-- 连接超时设置30秒 -->
		<property name="checkoutTimeout">30000</property>
		<!-- 30秒查一次connection的空闲 -->
		<property name="idleConectionTestPeriod">30</property>
		<!-- 初始化池的大小 -->
		<property name="initialPoolSize">10</property>
		<!-- 最多的一个connection空闲时间 -->
		<property name="maxIdleTime">30</property>
		<!-- 最多可以有多少个连接connection -->
		<property name="maxPoolSize">50</property>
		<!-- 最少的池中有几个连接 -->
		<property name="minPoolSize">5</property>
		<!-- 批处理的语句 -->
		<property name="maxStatements">50</property>
		<!-- 每次增长几个连接 -->
		<property name="acquireIncrement">5</property>
	</default-config> <!-- This app is massive! -->
</c3p0-config>