<serviceGroup>  
    <service name="MInterface">  
        <description>mInterface</description>  
        <parameter name="ServiceClass">com.zbiti.audit.interfaces.smo.IMInterfaceLogSmo</parameter>  
         <parameter name="ServiceObjectSupplier">  
            org.apache.axis2.extensions.spring.receivers.SpringServletContextObjectSupplier  
        </parameter>  
        <parameter name="SpringBeanName">mInterfaceLogSmoImpl</parameter>
        <messageReceivers>  
            <messageReceiver mep="http://www.w3.org/2004/08/wsdl/in-out"  
                class="org.apache.axis2.rpc.receivers.RPCMessageReceiver" />  
        </messageReceivers>  
    </service>  
</serviceGroup> 